loan_amount,loan_repaid,crop_insured,years_of_exp_in_sericulture,training_on_sericulture,krishi_pond,borewell_recharge,rain_harvesting,own_compost_manure,own_vermi_compost,trenching_mulching,bio_fertilizers,mechanization,mulberry_diseases,affected_by_pest,rearing_cost,instrument_mgmt_cost,temp_mgmt,humidity_mgmt,airvent_temp_mgmt,rotary_mounting,seri_total_subsidy,income_per_acre,chawki_bivol,rearing_cost_missing
50000,1,0,8,0,0,0,0,0,0,0,0,0,1,1,10000,1100,1,1,1,1,10200,35937.5,1,10000
1.00E+05,1,0,0,1,0,0,0,0,0,0,1,0,0,0,50000,0,0,0,1,1,90200,25000,1,50000
40000,1,0,4,1,0,0,0,1,0,1,1,0,1,1,0,10000,1,1,1,1,0,31111.11111,0,0
60000,1,0,0,1,0,0,0,0,0,0,0,0,0,0,20000,1100,0,0,1,0,85200,20161.29032,1,20000
50000,1,0,8,1,0,0,0,0,1,0,1,0,1,1,50000,20000,1,1,1,1,85200,24000,1,50000
70000,1,1,8,1,0,0,0,1,0,0,0,1,1,1,35000,0,1,1,1,1,20400,32500,1,35000
45000,1,1,5,1,0,0,0,1,1,0,0,1,1,1,50000,20000,1,1,1,0,10200,24444.44444,1,50000
50000,0,0,0,1,0,0,0,0,0,0,0,0,1,1,30000,20000,1,1,1,1,10200,21739.13043,1,30000
30000,0,1,4,1,0,0,0,1,1,1,1,1,1,1,0,10000,1,1,1,1,0,33333.33333,1,0
50000,1,1,4,1,0,0,0,1,0,1,1,0,1,0,30000,1200,1,1,1,1,10200,23255.81395,1,30000
70000,0,1,10,1,0,0,0,0,0,1,0,1,1,1,70000,0,1,1,1,0,10200,28888.88889,1,70000
80000,0,0,3,1,0,0,1,0,0,1,1,0,1,1,40000,0,0,0,1,0,47000,-12500,1,40000
0,1,0,3,1,0,0,0,0,0,1,1,0,1,1,25000,0,0,0,1,0,172000,-833.3333333,0,25000
45000,1,0,1,1,0,0,0,0,0,1,1,0,1,1,30000,0,0,0,1,0,292500,0,0,30000
0,1,0,3,1,0,0,0,0,0,1,1,0,1,1,35000,0,0,0,1,0,93000,-2500,0,35000
0,1,0,2,0,0,0,0,0,0,1,1,0,0,0,40000,0,0,0,1,0,20000,0,1,40000
150000,0,0,3,1,0,0,0,0,0,1,1,1,1,1,20000,0,1,1,1,0,79000,0,1,20000
0,1,0,2,0,0,0,0,0,0,1,0,0,0,0,40000,0,1,1,1,0,107000,50000,1,40000
0,1,0,2,0,0,0,0,0,0,0,0,0,0,0,40000,0,1,1,1,0,267090,60000,1,40000
30000,1,0,40,1,0,0,0,1,1,1,1,1,1,1,0,0,0,0,1,1,0,45000,1,0
30000,1,1,8,1,0,0,0,0,1,0,0,1,1,1,30000,20000,1,1,1,0,0,21739.13043,1,30000
60000,1,0,2,1,1,0,0,0,0,0,1,0,0,0,40000,0,1,1,1,0,95090,-7692.307692,1,
1.00E+05,1,1,0,1,0,0,0,1,1,1,0,0,1,1,38000,20000,1,1,1,1,0,13432.83582,1,38000
2.00E+05,1,0,20,0,0,0,0,0,0,0,0,0,1,1,80000,0,0,0,0,0,41000,40000,1,
0,1,0,20,1,0,0,0,0,0,0,1,0,1,0,65000,0,1,1,1,1,81500,33333.33333,0,65000
0,1,0,10,0,0,0,0,0,0,0,1,1,1,0,50000,0,1,1,0,0,63000,33333.33333,0,50000
0,1,0,16,1,0,1,0,1,0,0,0,0,0,0,60000,500,1,1,1,1,151200,48000,0,60000
0,1,0,20,1,0,0,0,1,0,0,0,0,0,1,35000,500,1,1,1,0,35000,0,0,35000
60000,1,1,5,1,0,0,0,0,1,1,0,1,1,1,50000,20000,1,1,1,0,10200,21774.19355,1,50000
30000,1,1,5,1,0,0,0,0,0,1,0,1,1,1,60000,0,1,1,1,0,10200,30000,1,60000
80000,1,1,4,1,0,0,0,0,0,1,1,1,1,1,30000,20000,1,1,1,0,85200,15000,1,30000
40000,1,1,7,1,0,0,0,0,1,0,1,0,1,1,35000,20000,1,1,1,0,10350,22448.97959,1,35000
0,1,0,21,1,0,0,0,1,0,0,0,0,0,1,40000,500,0,0,0,0,50000,25000,0,40000
0,1,0,15,1,0,0,0,1,0,0,0,0,0,1,40000,500,1,1,1,1,148000,25000,0,40000
150000,1,0,7,1,1,0,0,0,0,1,0,0,0,0,35000,0,1,1,1,0,170180,50000,1,35000
1.00E+05,1,0,5,1,1,0,0,0,0,0,0,0,1,0,1.00E+05,0,1,1,1,1,252590,14285.71429,1,1.00E+05
50000,1,0,2,0,0,1,0,0,0,0,1,1,1,0,25000,1200,0,0,0,0,104000,36250,1,25000
0,1,0,22,1,0,1,0,1,1,1,1,0,1,1,25000,0,1,1,1,0,127500,6000,1,25000
10000,0,0,10,0,0,0,0,0,0,0,0,0,1,1,30000,4000,0,0,0,0,90000,10000,0,30000
50000,1,0,2,1,0,0,0,0,1,0,1,0,1,0,20000,10000,0,0,1,0,106000,18750,1,20000
10000,1,0,15,1,0,0,0,0,0,0,0,1,0,1,25000,0,1,1,1,0,85000,25000,1,25000
30,1,0,3,1,1,0,0,0,0,1,1,0,1,1,25000,0,0,1,1,1,127000,-5833.333333,0,25000
30000,1,0,3,1,0,0,0,0,0,0,1,0,0,0,30000,1200,1,1,1,1,10200,26666.66667,1,30000
50000,1,0,7,1,0,0,0,0,1,1,1,0,1,0,0,15000,1,1,1,1,60200,33333.33333,1,0
70000,1,0,8,1,0,0,0,0,0,1,1,0,1,1,0,1500,1,1,1,1,10200,15066.66667,1,0
50000,1,1,6,0,0,0,0,1,0,1,1,1,1,0,50000,10000,1,1,1,1,10200,18181.81818,1,50000
30000,1,0,8,1,0,0,0,0,1,0,1,0,1,0,12000,1100,1,1,1,1,0,20000,1,12000
50000,1,1,10,1,0,0,0,1,0,0,1,1,1,1,60000,20000,1,1,1,0,10200,25000,1,60000
80000,1,1,8,1,0,0,0,0,0,1,0,0,1,1,45000,20000,1,1,1,0,10200,31428.57143,1,45000
70000,1,0,7,1,0,0,0,1,0,1,1,0,1,1,40000,15000,1,1,1,0,75000,21538.46154,1,40000
2.00E+05,1,0,15,1,0,0,0,1,0,1,1,0,1,0,50000,0,0,0,1,0,10200,31250,1,50000
50000,1,0,18,1,0,0,0,0,0,1,0,1,1,0,50000,0,1,1,1,0,10200,30000,1,50000
35000,1,1,8,1,0,0,0,1,0,1,0,1,0,0,60000,20000,1,1,1,0,85200,33333.33333,1,
60000,1,1,10,1,0,0,0,0,0,1,0,1,1,1,50000,0,1,1,1,0,110200,52222.22222,1,50000
30000,1,1,5,1,0,0,0,0,0,0,0,1,1,1,50000,15000,1,1,1,0,0,28571.42857,1,50000
70000,1,1,8,1,0,0,0,1,1,0,0,1,1,1,50000,20000,1,1,1,0,0,31250,1,50000
30000,1,1,5,1,0,0,0,0,0,0,0,1,0,0,50000,15000,1,1,1,0,0,22500,1,50000
70000,0,1,15,1,0,0,0,0,1,0,1,1,1,1,40000,20000,1,1,1,0,0,21818.18182,1,40000
50000,0,0,9,1,1,0,0,0,0,1,0,1,1,1,30000,20000,1,1,1,0,10200,21818.18182,1,30000
70000,1,1,10,1,0,0,0,0,0,0,0,0,1,1,0,15000,1,1,1,0,0,27272.72727,1,0
30000,1,0,8,1,0,0,0,0,1,0,0,1,1,1,30000,15000,1,1,1,0,0,28750,1,30000
50000,1,1,5,1,0,0,0,1,0,0,1,1,1,1,30000,20000,1,1,1,0,0,37142.85714,1,30000
50000,1,0,10,1,0,0,0,1,1,1,1,1,1,1,38000,0,1,1,1,0,85200,19565.21739,1,38000
50000,1,1,15,1,0,0,0,1,1,1,0,0,1,0,10000,1000,1,1,1,1,10200,47500,0,10000
50000,0,0,10,1,0,0,0,0,1,1,0,0,1,1,30000,20000,1,1,1,0,60000,27380.95238,1,30000
50000,1,0,10,1,0,0,0,0,0,1,1,1,1,1,50000,1100,1,1,1,0,60200,37777.77778,1,50000
50000,1,0,1,0,0,0,0,1,0,0,1,0,1,0,15000,0,1,1,1,0,10200,17000,1,15000
50000,1,0,8,1,0,0,0,0,0,0,1,1,1,1,50000,20000,1,1,1,0,0,40909.09091,1,50000
50000,1,1,8,1,0,0,0,1,0,1,0,1,1,1,70000,0,1,1,1,0,0,21818.18182,1,70000
70000,1,1,10,1,0,0,0,0,0,0,1,1,1,1,38000,20000,1,1,1,0,60200,27906.97674,1,38000
50000,1,1,8,1,0,0,0,1,0,0,1,0,1,1,50000,20000,1,1,1,0,60200,31818.18182,1,50000
1.00E+05,0,0,2,0,1,0,0,1,0,0,1,0,1,1,40000,5000,0,0,0,0,20000,20000,1,40000
35000,1,0,8,1,0,0,0,0,0,0,0,1,1,1,50000,20000,1,1,1,0,0,20338.98305,1,50000
80000,1,0,15,0,0,0,0,0,1,0,0,1,1,1,20000,5000,1,1,1,0,20000,34000,0,20000
120000,0,0,10,0,0,0,0,1,0,1,1,1,1,1,20000,4000,1,1,1,0,0,43478.26087,0,20000
0,1,0,15,0,0,0,0,0,0,0,1,1,1,1,40000,3000,1,1,1,0,75000,8333.333333,0,40000
0,1,0,10,0,0,0,0,0,1,0,1,0,1,1,40000,3000,1,1,1,0,0,78695.65217,0,40000
0,1,0,20,0,1,0,0,0,1,0,0,0,1,1,25000,5000,1,1,1,0,0,33854.16667,0,25000
0,1,0,40,0,0,0,0,0,1,0,0,1,1,1,30000,3000,1,1,1,0,0,44166.66667,0,30000
0,1,0,20,0,0,0,0,0,1,0,0,1,0,0,30000,3000,1,1,1,0,0,16540.75547,0,30000
50000,1,0,10,0,1,0,0,0,1,0,0,1,1,1,20000,5000,1,1,1,0,0,12000,0,20000
0,1,1,15,0,1,0,0,1,1,0,0,0,1,1,30000,3000,1,1,1,0,75000,14705.88235,0,30000
150000,1,0,20,0,0,0,0,1,0,1,1,1,1,1,30000,5000,1,1,1,0,85000,73130.84112,0,30000
1.00E+05,1,0,25,0,0,0,0,0,1,0,0,1,1,1,50000,5000,1,1,1,0,0,95000,0,50000
0,1,0,30,0,0,0,0,1,1,0,0,1,1,1,50000,4000,1,1,1,0,30000,20000,0,50000
90000,0,0,30,0,0,0,0,1,1,0,0,1,1,1,30000,5000,1,1,1,0,11500,11090.90909,0,30000
0,1,0,20,0,0,0,0,0,1,0,0,1,1,1,40000,3000,1,1,1,0,0,63833.33333,0,40000
0,1,0,20,0,0,0,0,0,1,0,0,1,1,1,40000,300,1,1,1,0,0,63058.82353,0,40000
0,1,0,20,0,1,0,0,0,1,0,0,1,1,1,50000,2000,1,1,1,0,0,16400,0,50000
0,1,0,20,1,1,0,0,0,0,1,1,1,1,1,30000,5000,1,1,1,0,0,50909.09091,0,30000
0,1,0,25,1,0,0,0,0,1,0,0,0,1,1,40000,5000,1,1,1,0,0,69230.76923,0,40000
2.00E+05,0,0,10,0,0,0,0,1,1,0,1,1,1,1,50000,3000,1,1,1,0,110000,85600,0,50000
0,1,1,20,0,0,0,0,1,1,0,1,1,1,1,45000,5000,1,1,1,0,0,40000,1,45000
1.00E+05,1,0,25,0,0,0,0,1,1,0,0,1,1,1,60000,2000,1,0,1,0,24000,84158.41584,0,60000
1.00E+05,0,0,25,0,0,0,0,1,1,0,0,1,1,1,15000,2600,1,1,1,0,0,81102.3622,0,15000
60000,0,0,15,0,0,0,0,0,1,0,1,1,1,1,16000,2000,1,1,1,0,12500,55000,0,16000
1.00E+05,0,0,15,0,0,0,0,0,1,0,0,1,1,1,30000,4000,1,0,1,0,0,41500,0,30000
0,1,0,20,0,0,0,0,0,1,0,0,1,1,1,30000,4000,1,0,1,0,60000,40000,0,30000
2.00E+05,0,0,25,1,0,0,0,0,0,0,0,1,1,1,40000,12000,1,1,1,0,95000,75000,0,40000
0,1,0,10,0,0,0,0,1,1,0,0,1,0,0,25000,1500,1,1,1,1,0,90909.09091,0,25000
160000,1,0,25,1,0,0,0,1,0,0,1,1,1,0,30000,1500,1,1,1,0,43000,13043.47826,0,30000
2.00E+05,0,0,20,0,0,0,0,1,0,1,1,1,1,1,38000,5000,1,1,1,0,16000,59090.90909,0,38000
1.00E+05,0,0,20,0,0,0,0,0,0,0,1,0,0,1,30000,2000,1,1,1,0,0,86666.66667,0,30000
0,1,0,30,0,0,0,0,0,0,0,1,1,0,1,40000,6000,1,1,1,0,18000,1.00E+05,0,40000
0,1,0,20,0,0,0,0,0,0,0,1,1,1,0,0,6000,1,1,1,0,0,31250,0,0
0,1,0,30,0,0,0,0,0,1,0,0,1,1,1,30000,3000,1,1,1,1,0,98800,0,30000
0,1,0,30,0,0,0,0,0,1,0,0,1,0,1,30000,2000,1,1,1,0,0,79454.54545,0,30000
0,1,0,40,0,0,0,0,0,0,1,1,1,0,0,20000,4000,1,1,1,0,65000,50000,0,20000
0,1,0,30,0,1,0,0,0,0,0,0,0,1,0,11200,4000,1,1,1,0,12000,16279.06977,0,11200
20000,1,0,0,0,0,0,0,0,0,0,1,1,1,0,60000,2500,1,1,1,0,0,83333.33333,0,60000
1.00E+05,0,0,20,0,0,0,0,0,0,1,1,0,0,1,30000,2000,1,1,1,0,0,99200,0,30000
160000,0,0,40,0,0,0,0,0,0,1,0,0,0,1,50000,3000,1,0,1,0,12000,23529.41176,0,50000
0,1,0,25,0,0,0,0,0,0,0,1,1,1,0,20000,10000,1,1,1,0,90000,50000,0,20000
0,1,0,20,0,0,0,0,0,0,0,0,1,0,1,30000,1000,1,1,1,0,35000,10000,0,30000
0,1,0,12,0,0,0,0,0,0,0,0,0,0,1,38000,2000,1,1,1,0,0,4347.826087,0,38000
0,1,0,15,0,0,0,0,0,0,0,1,1,1,0,1.00E+05,6000,1,1,1,0,15000,50000,0,1.00E+05
0,1,0,2,0,0,0,0,0,0,0,1,0,0,0,18000,1500,1,1,1,0,0,87500,0,18000
0,1,0,20,0,0,0,0,0,0,0,1,1,1,1,30000,600,1,1,1,0,0,68181.81818,0,30000
0,1,0,30,0,0,0,0,0,0,0,1,0,0,1,30000,2000,0,1,1,0,85000,19047.61905,0,30000
80000,0,0,30,0,0,0,0,0,0,0,1,0,0,0,15000,700,1,1,1,0,30000,104545.4545,0,15000
0,1,0,10,0,0,0,0,1,1,0,0,1,0,0,80000,1500,1,1,1,0,0,50000,0,80000
2.00E+05,1,0,0,0,0,0,0,1,1,0,0,1,0,1,45000,3000,1,1,1,0,150000,20930.23256,0,45000
50000,0,0,12,0,0,0,0,1,1,0,1,1,0,1,30000,6000,1,1,1,0,35000,30303.0303,0,30000
0,1,0,20,0,0,0,0,0,0,0,0,1,1,1,20000,1000,1,1,1,0,0,5714.285714,0,20000
0,1,0,40,0,1,0,1,1,1,0,1,1,1,1,20000,2800,1,1,1,0,0,61674.00881,0,20000
0,1,0,6,0,0,0,0,1,0,1,1,1,0,1,25000,6000,1,1,1,0,0,62500,0,
40000,0,0,10,0,0,0,0,0,0,0,0,0,0,1,80000,2000,1,1,1,0,10000,45454.54545,0,80000
0,1,0,15,0,0,0,0,0,0,0,1,0,0,1,1.00E+05,1800,1,1,1,0,0,45454.54545,0,1.00E+05
0,1,0,15,0,0,0,0,0,0,0,0,1,0,0,35000,5000,1,1,1,1,33000,38461.53846,0,35000
0,1,0,20,0,0,0,0,0,0,0,1,1,1,1,20000,500,1,1,1,0,0,35652.17391,0,20000
0,1,0,40,0,1,0,0,0,0,1,1,1,0,0,40000,3000,1,1,1,0,0,75000,0,40000
40000,1,0,20,0,0,0,0,0,0,1,1,0,0,1,25000,5000,1,1,1,0,0,79166.66667,0,25000
2.00E+05,0,0,15,0,1,0,0,0,0,0,1,1,0,0,30000,5000,1,1,1,0,25000,35000,0,30000
0,1,0,15,0,0,0,0,1,0,0,1,1,1,0,50000,2000,1,1,1,0,0,50000,0,50000
0,1,0,30,0,0,0,0,0,0,0,1,1,1,1,0,1000,1,1,1,0,0,5000,0,0
50000,1,0,15,0,0,0,0,0,0,0,1,1,1,1,30000,2000,1,1,1,1,25000,38461.53846,0,30000
25000,1,0,15,0,0,0,0,0,0,1,1,0,1,1,10000,2000,1,1,1,0,0,50000,0,10000
150000,1,0,25,1,1,0,0,1,0,0,1,0,1,0,50000,1000,1,1,1,0,0,25000,0,50000
0,1,0,25,1,1,0,0,1,0,0,1,1,1,0,60000,1500,1,1,1,0,0,45454.54545,0,60000
1.00E+05,1,0,30,0,0,0,0,1,0,0,1,1,1,0,20000,1000,1,1,1,0,0,25000,0,20000
1.00E+05,0,0,10,0,0,0,0,1,0,0,1,0,1,0,50000,1000,1,1,1,0,0,35000,0,50000
0,1,0,15,0,0,0,0,1,0,0,1,1,0,0,30000,1000,1,1,1,0,0,10000,0,30000
1.00E+05,1,0,10,0,0,0,0,1,0,0,1,1,1,0,0,1000,1,1,1,0,0,10000,0,0
0,1,0,30,0,0,0,0,1,0,0,1,1,0,0,15000,1000,1,1,1,0,30000,83333.33333,0,15000
50000,1,1,30,0,0,0,0,1,0,0,1,1,1,1,50000,1500,1,1,1,0,105000,8012.820513,0,50000
0,1,0,10,1,0,0,0,1,0,0,1,1,1,0,40000,1000,1,1,1,0,12000,25000,0,40000
2.00E+05,0,0,15,0,0,0,0,1,0,1,1,1,1,1,20000,2000,1,1,1,0,35000,40322.58065,0,
0,1,0,30,1,0,0,0,1,0,0,1,0,1,1,20000,1000,1,1,1,0,50000,55299.53917,0,20000
0,1,0,40,0,0,0,0,1,0,0,0,0,1,1,20000,1000,1,1,1,0,0,37500,0,20000
150000,1,0,10,1,0,0,0,1,1,0,1,1,1,0,25000,1000,1,1,1,0,30000,37500,0,25000
0,1,1,30,1,0,0,0,1,0,0,1,1,1,0,50000,1500,1,1,1,0,25000,3225.806452,0,50000
0,1,0,20,0,0,0,0,0,0,1,1,1,1,1,60000,1000,1,1,1,0,0,30000,0,60000
250000,1,0,20,1,0,0,0,1,0,0,0,0,1,0,80000,1000,1,1,1,0,30000,25000,0,80000
1.00E+05,0,1,25,0,0,0,0,1,0,0,1,0,1,0,1.00E+05,1500,1,1,1,0,50000,5263.157895,0,1.00E+05
60000,1,0,25,0,0,0,0,1,0,0,1,1,1,0,10000,1000,1,1,1,0,30000,0,0,10000
250000,0,1,20,0,0,0,0,1,0,0,1,0,1,1,20000,1000,1,1,1,0,65000,32258.06452,0,20000
1.00E+05,1,0,35,0,0,0,0,1,0,1,1,1,0,1,60000,3000,1,1,1,0,0,5555.555556,0,60000
20000,1,0,25,0,0,0,0,1,0,0,1,1,1,0,40000,1000,1,1,1,0,50000,40000,0,40000
2.00E+05,1,0,10,0,0,0,0,1,0,0,0,0,1,0,1.00E+05,2000,1,1,1,0,15000,66666.66667,0,1.00E+05
250000,1,0,15,0,0,0,0,1,0,0,1,0,0,0,25000,1000,1,1,1,0,30000,10000,0,25000
2.00E+05,1,0,20,1,0,0,0,1,0,0,0,1,1,0,1.00E+05,1500,1,1,1,0,35000,25000,0,1.00E+05
1.00E+05,1,0,20,1,0,0,0,1,0,0,1,1,1,0,110000,1500,1,1,1,0,0,116666.6667,0,110000
1.00E+05,0,0,25,0,0,0,0,1,0,0,1,1,1,1,20000,3000,1,1,1,0,50000,50000,0,20000
0,1,0,20,1,0,0,0,1,0,1,1,1,0,1,50000,3000,1,1,1,0,320000,1.00E+05,0,50000
0,1,0,30,1,0,0,0,1,0,1,1,1,1,1,20000,2000,1,1,1,0,99000,66666.66667,0,20000
0,1,0,0,0,0,0,0,1,0,0,0,1,1,1,40000,3000,1,1,1,0,0,90909.09091,0,40000
0,1,0,10,0,0,0,0,1,0,1,1,1,0,1,55000,2000,1,1,1,0,0,75000,0,
0,1,0,18,0,0,0,0,1,0,0,1,1,1,1,25000,4000,1,1,1,0,0,45454.54545,0,25000
150000,1,0,35,1,0,0,0,1,0,1,1,1,1,1,30000,1500,1,1,1,0,78000,0,0,30000
0,1,0,10,0,0,0,0,1,0,0,1,1,1,1,40000,3000,1,1,1,0,0,22222.22222,0,40000
0,1,0,20,0,0,0,0,1,0,0,1,1,1,1,50000,1000,1,1,1,0,0,83333.33333,0,50000
0,1,0,30,0,0,0,0,0,0,0,1,1,1,1,35000,3000,1,1,1,0,78000,86956.52174,0,35000
0,1,0,30,0,0,0,0,1,0,0,1,1,1,1,15000,5000,1,1,1,0,50000,20000,0,15000
0,1,0,20,0,0,0,0,1,0,0,1,1,1,0,60000,3000,1,1,1,0,50000,153846.1538,0,60000
175000,0,0,40,0,0,0,0,1,0,0,1,1,0,1,40000,1000,1,1,1,0,38000,31250,0,40000
5000,1,0,20,0,1,0,0,1,0,0,1,1,1,1,50000,3000,1,1,1,0,20000,66666.66667,0,50000
80000,0,0,10,1,0,0,0,0,0,0,1,0,1,1,40000,3000,1,1,1,0,24000,26000,0,40000
0,1,0,20,0,0,0,0,1,0,0,1,1,1,1,60000,300,1,1,1,0,50000,35000,0,60000
0,1,0,3,0,0,0,0,1,0,1,1,1,1,1,15000,1000,1,1,1,0,15000,83333.33333,0,15000
0,1,0,20,0,0,0,0,1,0,0,1,1,1,0,4000,3000,1,1,1,0,50000,-24600,0,4000
0,1,0,10,0,0,0,0,1,0,0,1,1,1,1,30000,3000,1,1,1,0,50000,90909.09091,0,30000
0,1,0,10,0,0,0,0,1,0,0,1,1,1,1,40000,3000,1,1,1,0,0,28571.42857,0,40000
0,1,0,20,0,0,0,0,1,0,0,1,1,1,1,1.00E+05,2500,1,1,1,0,50000,75000,0,1.00E+05
0,1,0,10,0,0,0,0,1,0,0,1,1,1,1,10000,10000,1,1,1,0,0,25000,0,10000
0,1,0,25,1,0,0,0,1,0,0,1,1,1,1,3000,3000,1,1,1,0,0,-6666.666667,0,3000
0,1,0,30,0,0,0,0,0,0,0,1,0,1,1,40000,3000,1,1,1,0,70000,90909.09091,0,40000
35000,0,0,20,0,0,0,0,0,0,0,1,1,0,1,50000,5000,1,1,1,0,28000,40000,0,50000
40000,1,0,30,1,0,0,0,1,0,0,1,0,1,1,50000,1000,1,1,1,1,0,32051.28205,0,50000
250000,1,0,25,1,0,0,0,0,0,0,1,1,1,1,75000,1500,1,1,1,0,80000,48000,0,75000
50000,0,0,30,1,0,0,0,1,0,0,1,1,0,1,25000,1000,1,1,1,0,12000,14285.71429,0,25000
2.00E+05,0,0,20,0,0,0,0,1,0,0,0,0,1,1,10000,400,1,1,1,0,35000,12903.22581,0,10000
150000,0,0,10,1,0,0,0,0,0,1,0,0,1,1,50000,10000,1,1,1,0,8.00E+05,25000,0,50000
0,1,0,10,0,0,0,0,1,1,0,1,1,1,1,25000,10000,1,1,1,0,0,16666.66667,0,25000
0,1,0,30,0,0,0,0,0,0,0,1,1,1,1,45000,3000,1,1,1,0,0,41666.66667,0,45000
25000,1,0,20,0,0,0,0,1,0,1,1,1,1,1,80000,2500,1,1,1,0,0,11111.11111,0,80000
0,1,0,20,1,1,0,0,1,0,0,1,0,1,1,35000,5000,1,1,1,0,0,16666.66667,0,35000
0,1,0,0,0,0,0,0,1,0,0,1,1,0,1,30000,2000,1,1,1,0,0,50000,0,30000
0,1,0,40,1,0,0,0,1,0,0,1,1,1,1,50000,5000,1,1,1,0,0,60000,0,50000
0,1,0,30,1,0,0,0,1,0,0,1,1,1,1,40000,3000,1,1,1,0,0,16666.66667,0,40000
0,1,0,30,0,0,0,0,0,0,0,1,1,0,0,20000,1000,1,1,1,0,40000,15384.61538,0,20000
0,1,0,15,0,0,0,0,0,0,1,1,1,1,1,30000,5000,1,1,1,0,50000,61538.46154,0,30000
0,1,0,0,0,0,0,0,0,0,0,1,1,0,0,20000,1000,1,1,1,0,40000,57142.85714,0,20000
0,1,0,15,0,0,0,0,0,0,0,1,0,1,1,30000,2000,1,1,1,0,0,18000,0,30000
0,1,0,20,0,0,0,0,1,0,0,1,0,1,1,50000,2000,1,1,1,0,40000,16666.66667,0,50000
0,1,0,15,0,0,0,0,1,0,0,1,1,1,1,50000,20000,1,1,1,0,25000,50000,0,50000
50000,1,0,20,0,0,0,0,0,0,0,1,0,1,1,50000,3000,0,0,0,0,50000,8333.333333,0,50000
95000,1,0,30,0,0,0,0,0,0,0,1,1,1,1,16000,1000,1,1,1,0,0,-41666.66667,0,16000
0,1,0,5,0,0,0,0,1,0,0,1,1,1,1,40000,2000,1,1,1,0,0,1.00E+05,0,
0,1,0,6,1,0,0,0,1,0,0,0,0,1,1,4500,4000,1,1,1,0,0,0,0,4500
0,1,0,40,0,0,0,0,1,1,0,1,1,1,1,47000,2500,1,1,1,0,75000,75000,0,47000
0,1,0,15,1,0,0,0,1,0,0,1,1,1,1,50000,2000,1,1,1,0,40000,20000,0,50000
0,1,0,10,0,0,0,0,1,1,0,1,1,1,1,40000,3000,1,1,1,0,0,95238.09524,0,40000
0,1,0,12,0,0,0,0,1,0,0,0,1,1,1,50000,3000,1,1,1,0,150000,1.00E+05,0,50000
0,1,0,30,0,0,0,0,1,0,0,0,1,1,1,30000,1600,1,1,1,0,20000,8333.333333,0,30000
2.00E+05,0,0,20,0,0,0,0,1,0,0,1,1,1,1,1.00E+05,2000,1,1,1,0,125000,40000,0,1.00E+05
160000,0,0,40,0,0,0,0,1,0,0,1,1,1,1,30000,5000,1,1,1,0,0,20000,0,30000
60000,0,0,15,1,0,0,0,1,0,0,1,1,1,1,80000,11500,0,0,1,0,0,75000,0,80000
250000,1,0,20,0,0,0,0,0,0,0,1,0,1,1,50000,2000,1,1,1,0,75000,16666.66667,0,50000
225000,0,0,40,1,0,1,0,0,0,0,1,1,1,1,30000,1200,1,1,1,0,30000,-9615.384615,0,30000
2.00E+05,0,0,30,0,0,0,0,1,0,0,1,1,1,1,40000,2000,1,1,1,0,17000,12500,0,40000
0,1,0,15,0,0,0,0,1,0,0,0,0,1,1,20000,2000,1,1,1,0,0,15000,0,20000
0,1,0,20,1,0,0,0,1,0,0,1,1,1,1,16000,2000,1,1,1,0,95000,71428.57143,0,16000
0,1,0,20,0,0,0,0,1,0,0,1,1,1,1,30000,0,1,1,1,0,50000,60000,0,30000
0,1,0,20,0,0,0,0,1,0,0,1,1,1,1,40000,1500,1,1,1,0,0,108333.3333,0,40000
0,1,0,30,0,0,0,0,1,0,0,1,1,1,1,35000,2000,1,1,1,0,0,50000,0,35000
40000,1,0,30,0,1,0,0,1,0,0,0,0,1,1,20000,1000,1,1,1,0,130000,40000,0,20000
0,1,0,15,0,0,0,0,1,0,0,1,1,1,1,40000,1500,1,1,1,0,55000,83333.33333,0,40000
2.00E+05,0,0,20,0,0,0,0,1,0,0,1,1,1,1,40000,2000,1,1,1,0,70000,20000,0,40000
0,1,0,30,0,0,0,0,0,0,0,1,1,1,1,20000,2000,0,1,1,0,45000,3278.688525,0,20000
0,1,0,15,1,0,0,0,0,0,0,1,1,1,1,40000,2000,1,1,1,0,0,83333.33333,0,40000
250000,0,0,20,0,0,0,0,1,0,0,1,1,1,1,25000,1000,1,1,1,0,35000,16666.66667,0,
0,1,0,20,0,0,0,0,0,0,0,1,1,1,1,40000,2000,1,1,1,0,0,66666.66667,0,
0,1,0,20,0,0,0,0,0,0,0,1,1,1,1,30000,3000,1,1,1,0,103900,31250,0,30000
0,1,0,20,0,0,0,0,1,0,0,1,0,1,1,20000,2000,1,1,1,0,0,97087.37864,0,20000
60000,1,0,30,0,1,0,0,0,0,0,1,1,1,1,25000,0,1,1,1,0,0,30000,0,25000
120000,1,0,15,1,0,0,0,0,0,0,0,1,1,1,40000,5000,1,1,1,0,14000,38000,0,40000
0,1,0,10,0,0,0,0,1,0,0,1,1,1,1,50000,0,1,1,1,0,0,150000,0,50000
0,1,0,10,1,1,0,0,1,0,0,1,1,1,1,25000,10000,1,1,1,0,0,93750,0,25000
0,1,0,10,0,0,0,0,1,0,0,1,1,1,1,30000,6000,1,1,1,0,55000,150000,0,30000
0,1,0,15,0,0,0,0,1,0,0,1,1,1,1,35000,4000,1,1,1,0,75000,40000,0,35000
40000,0,0,30,0,1,0,0,1,0,0,1,1,1,1,0,3000,1,1,1,0,0,93750,0,0
0,1,0,10,0,0,0,0,1,0,0,1,1,1,1,60000,3000,1,1,1,1,75000,42857.14286,0,60000
0,1,0,25,0,0,0,0,0,0,0,1,1,0,0,40000,1000,1,1,1,0,0,5000,0,40000
0,1,0,20,0,0,0,0,1,0,0,1,1,1,1,15000,2000,1,1,1,0,16000,12500,0,15000
142200,1,0,15,0,0,0,0,0,0,0,1,1,1,1,40000,6000,1,1,1,0,50000,40000,0,40000
240000,0,0,10,1,0,0,0,1,0,0,1,1,1,1,45000,1500,1,1,1,0,50000,10000,0,45000
0,1,0,16,0,0,0,0,0,0,0,1,1,1,1,80000,5000,1,1,1,0,45000,40909.09091,0,80000
0,1,0,30,0,0,0,0,0,0,0,1,1,1,1,20000,1000,1,1,1,0,40000,2500,0,20000
2.00E+05,1,0,10,0,0,0,0,1,0,0,1,1,1,1,10000,2000,1,1,1,0,0,70000,0,10000
0,1,0,30,0,1,0,0,1,0,0,1,1,1,1,80000,2000,1,1,1,1,137000,60096.15385,0,80000
0,1,0,20,0,0,0,0,0,0,1,1,0,1,1,40000,3000,1,1,1,0,0,-4166.666667,0,40000
2.00E+05,1,0,15,0,0,0,0,1,0,0,0,1,1,0,20000,2000,1,1,1,0,50000,75000,0,20000
0,1,0,20,0,0,0,0,1,0,0,0,1,1,1,30000,2000,1,1,1,0,0,1.00E+05,0,30000
0,1,0,10,1,1,0,0,1,0,0,1,1,1,1,70000,2500,1,1,1,0,0,31250,0,70000
0,1,0,20,0,1,0,0,1,0,1,1,1,1,1,40000,2000,1,1,1,0,0,20000,0,40000
0,1,0,10,1,0,0,0,1,0,0,1,1,1,1,30000,1000,1,1,1,0,0,90909.09091,0,30000
250000,0,0,20,0,1,0,0,1,0,0,1,1,1,1,50000,3000,1,1,1,0,2.00E+05,25000,0,50000
0,1,0,20,1,0,0,0,1,0,1,1,1,1,1,20000,5000,1,1,1,0,40000,40000,0,20000
0,1,0,20,0,0,0,0,1,0,0,1,1,1,1,70000,4000,1,1,1,0,0,40000,0,70000
20000,0,0,10,0,0,0,0,1,0,0,0,0,1,0,60000,10000,1,1,1,0,0,25000,1,60000
120000,0,0,20,1,0,0,0,0,0,0,0,0,1,1,30000,12000,1,1,1,0,0,6887.052342,1,30000
160000,0,1,10,0,0,0,0,0,0,0,1,0,1,1,60000,2000,0,0,1,0,0,9302.325581,0,60000
1.00E+05,1,0,30,1,0,0,0,1,0,0,0,0,1,1,15000,1000,0,0,1,0,0,4716.981132,0,15000
0,1,0,3,0,0,0,0,1,0,0,0,0,1,0,0,2000,1,1,1,1,0,12500,1,0
1.00E+05,0,0,4,0,1,0,0,0,0,1,0,0,1,1,0,10000,1,1,1,0,318000,36496.35036,1,0
40000,0,0,2,0,0,0,0,0,0,0,0,0,1,0,0,10000,1,1,1,0,0,21645.02165,1,0
50000,0,0,4,1,0,0,0,0,0,0,0,0,1,0,20000,10000,1,1,1,0,310000,10000,1,20000
70000,0,0,8,0,0,0,0,0,0,0,0,1,1,0,50000,10000,1,1,1,0,0,11627.90698,1,50000
40000,0,0,2,0,0,0,0,0,0,0,0,0,1,0,40000,10000,1,1,1,1,0,45454.54545,1,
50000,0,0,2,0,0,0,0,0,0,0,0,0,1,0,50000,10000,1,1,1,0,0,16129.03226,1,50000
140000,0,0,2,0,0,0,0,0,0,0,0,0,1,0,50000,20000,1,1,1,1,369000,11904.7619,1,50000
49000,0,0,2,0,0,0,0,0,0,0,0,1,1,0,30000,10000,1,1,1,1,0,16129.03226,1,30000
80000,0,0,2,0,0,0,0,1,0,0,0,1,1,0,30000,10000,1,1,1,1,0,10000,1,30000
95000,0,0,20,0,0,0,0,0,0,0,1,0,1,0,50000,10000,1,1,1,1,297000,39682.53968,1,50000
75000,0,0,3,0,0,0,0,1,0,0,0,1,1,0,20000,10000,1,1,1,1,50000,15151.51515,1,20000
30000,0,0,7,0,0,0,0,0,0,0,0,1,1,0,30000,10000,1,1,1,1,120000,16666.66667,1,30000
47600,0,1,10,0,0,0,0,0,0,0,0,0,1,1,20000,20000,0,0,1,0,75000,22727.27273,1,20000
70000,0,0,20,0,1,0,0,1,0,0,0,1,1,0,30000,2000,0,0,1,1,50000,12500,0,30000
50000,0,0,20,1,0,0,0,0,0,0,0,1,1,0,30000,0,0,0,1,0,0,8333.333333,1,30000
0,1,0,20,1,0,0,0,0,0,0,0,0,0,1,10000,10000,0,0,0,0,0,15000,0,10000
40000,0,0,20,1,1,1,1,1,0,1,1,1,1,0,18000,2000,1,1,1,1,43000,9803.921569,1,
25000,0,0,2,0,0,0,0,0,0,0,0,1,1,0,20000,20000,1,1,1,1,0,4178.272981,1,20000
50000,0,0,15,0,0,0,0,0,0,0,0,1,1,1,70000,3000,1,1,1,1,137000,12500,1,70000
1.00E+05,0,0,5,0,0,0,0,0,0,0,0,1,1,0,20000,15000,1,1,1,1,85000,41666.66667,1,20000
140000,0,0,10,0,0,0,0,1,0,0,0,0,1,0,50000,8000,1,1,1,0,120000,22727.27273,1,50000
75000,0,0,4,0,0,0,0,0,0,0,0,0,1,0,30000,2000,0,0,1,0,245000,-11904.7619,1,30000
55000,0,0,8,0,0,0,0,1,0,0,0,0,1,0,40000,20000,1,0,1,0,70000,41666.66667,1,40000
230000,0,0,20,0,0,0,0,1,0,0,0,0,1,0,35000,20000,1,0,1,0,0,10869.56522,1,35000
70000,0,1,4,0,0,0,0,1,0,0,0,0,1,1,0,20000,1,1,1,1,0,18181.81818,1,0
85000,0,0,20,0,0,0,0,0,0,0,0,0,1,0,50000,10000,1,1,1,1,189000,6993.006993,1,50000
50000,0,0,15,0,0,0,0,1,0,0,0,1,1,0,20000,10000,1,1,1,1,95000,4878.04878,1,
80000,0,0,2,0,0,0,0,0,0,0,0,0,1,0,20000,10000,1,1,1,1,0,16666.66667,1,20000
1.00E+05,0,0,10,1,0,0,0,0,0,0,0,0,1,0,0,1000,0,0,1,1,0,40000,0,0
50000,0,0,5,0,0,0,0,1,1,0,0,0,1,1,20000,2000,0,0,1,0,35000,12121.21212,1,20000
50000,0,0,20,0,0,0,0,0,0,0,0,0,1,0,50000,15000,0,0,1,0,0,-13636.36364,1,50000
0,1,0,2,0,0,0,0,0,0,0,0,0,1,1,20000,10000,1,1,1,0,0,8333.333333,0,20000
150000,0,0,25,1,0,0,0,0,0,0,0,0,1,0,30000,10000,1,1,0,0,75000,25000,1,30000
150000,0,0,20,0,0,0,0,0,0,0,0,0,0,1,30000,10000,1,1,1,0,40000,21551.72414,1,30000
20000,0,0,15,0,0,0,0,0,0,0,0,0,0,1,20000,10000,1,1,1,0,0,41666.66667,1,20000
0,1,0,0,0,0,0,0,0,0,0,0,0,1,0,30000,10000,1,1,1,0,0,6097.560976,1,30000
150000,0,0,20,0,0,0,0,0,0,0,0,0,1,0,30000,10000,0,0,0,0,0,47619.04762,1,30000
1.00E+05,0,0,10,1,0,0,0,0,0,0,0,0,0,1,50000,10000,1,1,1,0,75000,80000,1,50000
1.00E+05,0,0,10,0,0,0,0,0,0,0,0,0,0,1,30000,10000,0,0,1,1,0,10000,1,30000
0,1,0,3,0,0,0,0,0,0,0,0,0,0,1,30000,10000,1,1,1,0,87500,5000,1,30000
0,1,0,15,1,0,0,0,0,0,0,0,0,0,0,80000,10000,0,0,1,0,0,3780.718336,1,80000
124000,0,0,30,1,0,0,0,0,0,0,0,0,1,0,30000,5000,0,0,1,0,0,6666.666667,1,30000
0,1,0,3,0,0,0,0,0,0,0,0,0,1,1,20000,10000,0,0,1,1,50000,25000,1,20000
180000,0,0,25,1,0,0,0,0,0,0,0,0,0,1,30000,10000,0,0,1,0,50000,50000,1,30000
0,1,0,5,0,0,0,0,0,0,0,0,0,1,0,80000,10000,0,0,1,0,0,71428.57143,1,80000
19000,0,0,35,1,0,0,0,0,0,0,0,0,1,0,20000,4000,0,0,0,0,87000,30000,1,20000
0,1,0,20,0,0,0,0,0,0,1,0,0,1,0,25000,10000,0,0,1,0,0,37500,1,25000
85000,0,0,8,0,0,0,0,0,0,0,0,0,1,0,30000,2000,1,1,1,1,0,10000,1,30000
40000,0,0,20,1,1,0,0,1,0,1,0,0,1,0,30000,2000,1,1,1,1,90000,15625,1,30000
85000,0,1,5,0,0,0,0,0,0,0,1,0,1,0,30000,1000,1,1,1,1,85000,27272.72727,1,30000
0,1,0,3,0,0,0,0,0,0,0,0,0,1,0,0,2000,1,1,1,1,0,4000,1,0
165000,0,1,5,0,0,0,0,1,0,0,0,0,1,0,20000,20000,1,1,1,0,75000,5555.555556,1,20000
60000,0,0,15,1,0,0,0,0,0,1,1,0,1,0,40000,2000,0,0,1,0,50000,5791.505792,1,40000
2.00E+05,0,1,10,0,0,0,0,0,0,0,0,0,1,0,30000,20000,0,0,1,0,75000,6250,1,30000
50000,0,0,15,0,1,1,0,0,0,1,1,0,1,0,15000,10000,1,1,1,0,0,10000,1,15000
150000,0,0,10,0,0,0,0,1,1,0,1,0,1,1,30000,2000,0,0,1,1,72500,11666.66667,1,30000
0,1,0,10,1,0,0,0,1,1,0,1,0,1,1,20000,1000,0,0,1,0,0,10000,1,20000
150000,0,0,15,0,0,0,0,0,0,0,0,0,1,1,5000,2000,0,0,1,0,0,4545.454545,0,5000
1.00E+05,0,0,20,1,0,0,0,0,0,0,0,0,1,0,20000,10000,0,0,1,0,0,30000,0,20000
50000,0,0,20,0,0,0,0,0,0,0,1,1,1,1,35000,1000,0,0,1,0,0,12500,0,35000
50000,0,0,5,1,0,0,0,0,0,0,0,1,1,1,35000,1000,1,1,1,0,0,12605.04202,0,35000
1.00E+05,0,1,20,1,0,0,0,0,0,0,1,0,1,1,55000,0,0,0,0,0,0,16666.66667,1,55000
1.00E+05,0,0,18,0,0,0,0,0,0,0,0,1,1,1,80000,10000,0,0,1,0,0,20454.54545,0,80000
2.00E+05,0,0,3,0,0,0,0,0,0,0,0,0,1,1,50000,2000,0,0,1,0,35000,-6349.206349,1,50000
190000,0,0,20,0,0,0,0,1,0,0,0,0,1,1,40000,5000,0,0,1,0,0,9302.325581,1,40000
50000,1,0,15,0,0,0,0,0,0,1,0,0,1,0,75000,0,0,0,1,0,152500,25694.44444,0,75000
50000,0,0,25,1,0,0,0,1,0,1,0,1,1,0,50000,0,1,1,1,1,165000,6666.666667,0,50000
250000,0,0,20,0,0,0,0,0,0,0,1,0,1,0,30000,2000,0,0,1,0,0,1666.666667,0,30000
1.00E+05,1,0,3,0,0,0,0,0,0,0,0,0,0,0,30000,0,1,1,1,0,169680,12500,1,30000
0,1,0,4,1,0,0,0,0,0,0,1,0,0,0,45000,1000,0,0,0,0,165000,18571.42857,0,45000
0,1,0,3,0,0,0,0,0,0,1,0,0,0,0,45000,0,1,1,1,0,109000,12500,1,45000
0,1,0,30,0,0,0,0,1,0,0,1,1,1,0,50000,1000,1,1,1,0,12000,90909.09091,0,50000
0,1,0,30,0,0,0,0,0,1,0,0,1,0,1,40000,3000,1,1,1,0,0,75000,0,40000
0,1,0,20,0,0,0,0,0,1,0,0,1,0,1,30000,2500,1,1,1,0,0,155000,0,30000
0,1,0,20,0,0,0,0,0,0,0,0,1,0,1,20000,3000,1,1,1,1,0,87719.29825,0,20000
0,1,0,8,0,0,0,0,0,1,0,0,1,1,1,40000,3000,1,1,1,0,20000,50000,0,40000
0,1,0,25,0,1,0,0,0,1,0,0,1,0,1,30000,2500,1,1,1,0,30000,118181.8182,0,30000
1.00E+05,0,0,20,1,0,0,0,1,0,0,1,1,1,0,40000,8000,1,1,1,0,0,1.00E+05,0,40000
50000,0,0,30,0,0,0,0,1,0,0,1,0,0,0,1.00E+05,20000,1,1,1,0,0,90909.09091,0,1.00E+05
0,1,0,0,1,0,0,0,0,0,0,0,1,1,1,25000,0,1,1,1,0,0,60000,0,25000
50000,1,0,24,1,0,0,0,1,0,0,1,1,1,1,20000,1000,1,1,1,0,16000,63025.21008,0,
1.00E+05,1,0,20,0,0,0,0,1,0,0,1,1,1,1,10000,1000,1,1,1,0,0,31250,0,10000
150000,1,1,20,0,1,0,0,1,0,0,1,1,1,0,15000,6000,1,1,1,0,13500,22727.27273,0,15000
0,1,1,10,0,0,0,0,1,0,0,1,1,0,0,19000,10000,1,1,1,0,0,20000,0,19000
0,1,0,20,0,0,0,0,1,0,0,1,1,1,0,40000,10000,1,1,1,0,0,0,0,40000
0,1,0,7,1,0,0,0,1,0,0,1,1,1,1,35000,10000,1,1,1,0,0,0,0,35000
50000,1,0,20,0,0,0,0,1,0,0,1,0,0,0,25000,10000,1,1,1,0,0,41666.66667,0,25000
95000,1,0,20,0,0,0,0,1,0,0,1,1,1,0,20000,10000,1,1,1,0,0,50000,0,20000
50000,1,1,15,1,0,0,0,1,0,0,1,1,1,0,8000,5000,1,1,1,0,15000,11904.7619,0,8000
175000,1,0,20,0,0,0,0,1,0,0,1,1,1,0,60000,5000,1,1,1,0,150000,1.00E+05,0,60000
0,1,0,15,0,0,0,0,0,0,0,1,1,0,0,40000,1000,1,1,1,0,0,83333.33333,0,40000
0,1,0,30,0,0,0,0,1,0,0,1,1,1,0,60000,10000,1,1,1,0,0,66666.66667,0,60000
0,1,0,25,0,0,0,0,0,0,1,1,1,0,0,30000,3000,1,1,1,0,35000,20000,0,30000
0,1,0,0,1,1,0,0,0,1,0,0,1,0,1,40000,3000,1,1,1,0,0,37590.90909,0,40000
0,1,0,20,0,0,0,0,1,0,1,1,1,1,1,40000,1000,1,1,1,0,1.00E+05,1.00E+05,0,40000
0,1,0,0,0,0,0,0,0,0,1,1,1,0,0,35000,2000,1,1,1,0,0,63636.36364,0,35000
0,1,0,25,0,0,0,0,0,0,1,1,1,0,0,45000,3000,1,1,1,0,15000,125000,0,45000
0,1,0,40,0,0,0,0,1,0,0,0,1,0,0,30000,3500,1,1,1,0,0,45365.85366,0,30000
0,1,0,20,0,0,0,0,0,0,1,1,1,0,0,65000,6000,1,1,1,0,0,73333.33333,0,65000
0,1,0,15,0,0,0,0,1,1,1,1,1,0,1,60000,10000,1,1,1,0,0,114000,0,60000
2.00E+05,1,0,20,1,1,0,0,0,0,0,1,1,0,0,50000,5000,1,1,1,0,0,29585.79882,0,50000
50000,1,0,15,1,0,0,0,1,0,0,1,1,1,0,60000,4000,1,1,1,0,0,45454.54545,0,60000
0,1,0,30,0,0,0,0,0,0,1,1,1,0,0,60000,10000,1,1,1,0,0,1.00E+05,0,60000
0,1,0,25,0,1,0,0,1,0,1,1,1,0,0,35000,2000,1,1,1,0,0,75000,0,35000
140000,0,0,20,0,1,0,0,0,0,1,1,1,1,0,75000,5000,1,1,1,0,83000,45454.54545,0,75000
0,1,0,10,0,0,1,0,0,0,1,1,0,0,0,60000,4000,1,1,1,0,0,64516.12903,0,60000
0,1,0,25,0,0,0,0,0,0,1,1,1,1,0,60000,2000,1,1,1,0,0,90909.09091,0,60000
0,1,0,20,0,0,0,0,1,0,0,1,1,1,1,30000,10000,1,1,1,0,150000,83333.33333,0,30000
1.00E+05,1,0,20,0,0,0,0,1,0,0,1,1,1,1,40000,10000,1,1,1,0,80000,46875,0,40000
145000,1,0,10,0,0,0,0,0,0,0,1,1,0,0,40000,1500,1,1,1,0,0,66666.66667,0,40000
0,1,1,30,1,0,0,0,1,0,0,1,1,1,0,40000,5000,1,1,1,0,160000,25000,0,40000
0,1,0,8,0,0,0,0,1,0,0,1,1,1,0,50000,1000,1,1,1,0,0,83333.33333,0,50000
0,1,1,40,0,0,0,0,1,0,0,0,1,1,0,20000,5000,1,1,1,0,30000,0,0,20000
20000,1,0,10,0,0,0,0,1,0,0,1,1,1,0,40000,1000,1,1,1,0,0,83333.33333,0,40000
0,1,0,25,0,0,0,0,1,0,0,1,1,1,0,10000,1000,1,1,1,0,0,90909.09091,0,10000
215000,1,0,20,0,0,0,0,1,0,0,1,1,1,0,40000,2000,1,1,1,0,12000,1.00E+05,0,40000
0,1,0,40,0,0,0,0,1,0,0,1,1,1,0,20000,1000,1,1,1,0,0,1.00E+05,0,20000
50000,1,0,22,1,0,0,0,1,0,0,1,1,1,0,50000,1000,1,1,1,0,30000,153846.1538,0,50000
98000,1,0,15,0,0,0,0,1,0,0,1,1,1,0,40000,0,1,1,1,0,13500,83333.33333,0,40000
0,1,0,40,0,0,0,0,1,0,0,1,1,1,0,40000,1000,1,1,1,0,16000,111111.1111,0,40000
0,1,0,0,0,0,0,0,1,0,0,1,1,1,0,30000,1000,1,1,1,0,0,50000,0,30000
0,1,0,20,0,0,0,0,1,0,0,1,1,1,0,0,1000,1,1,1,0,0,136363.6364,0,0
129000,1,1,40,1,0,0,0,1,0,0,1,1,1,0,50000,5000,1,1,1,0,269600,25000,0,50000
0,1,0,20,0,0,0,0,1,0,0,1,1,1,0,20000,1000,1,1,1,0,0,66666.66667,0,20000
0,1,0,15,0,0,0,0,1,0,0,1,1,0,0,20000,10000,1,1,1,0,0,1.00E+05,0,20000
0,1,1,4,0,0,0,0,0,0,0,1,1,0,1,1.00E+05,10000,1,1,1,0,0,25000,0,1.00E+05
0,1,1,20,1,0,0,0,1,0,0,1,1,1,0,10000,5000,1,1,1,0,0,83333.33333,0,10000
0,1,0,15,0,0,0,0,0,0,0,1,1,0,0,50000,1500,1,1,1,0,0,136363.6364,0,50000
0,1,0,2,0,0,0,0,1,0,0,0,1,1,1,20000,1000,1,1,1,0,0,6250,0,20000
195000,1,1,3,1,0,0,0,1,0,1,1,0,0,0,15000,5000,1,1,1,0,15750,16129.03226,0,15000
50000,1,1,3,1,0,0,0,0,0,1,1,0,0,0,5000,3000,1,1,1,0,39260,9375,1,5000
60000,1,0,5,1,0,0,0,0,0,1,1,0,0,0,0,2500,1,1,1,0,60260,47826.08696,1,0
24000,1,0,4,1,0,0,0,1,0,1,1,0,0,0,10000,3000,1,1,1,0,100885,5000,1,10000
90000,1,0,3,0,0,0,0,0,0,1,1,0,0,0,0,2000,1,1,1,0,91000,29761.90476,1,0
2.00E+05,0,0,17,0,0,0,1,0,0,0,0,0,1,1,25000,0,1,1,1,0,141000,4285.714286,1,25000
225000,0,0,11,1,0,0,0,0,0,0,0,0,0,1,15000,15000,1,1,1,0,122500,6000,1,15000
130000,0,0,15,0,0,0,0,0,0,0,0,0,0,1,10000,10000,1,1,1,0,160000,3333.333333,1,
0,1,0,3,0,0,0,0,0,0,0,0,0,0,0,20000,10000,0,0,1,0,0,7500,1,20000
25000,0,0,30,1,0,0,0,0,0,0,0,0,1,0,30000,5000,0,0,1,0,0,9090.909091,1,30000
0,1,0,30,1,0,0,0,0,0,0,0,0,1,1,60000,10000,0,0,1,0,0,25000,1,60000
0,1,0,25,1,0,0,0,0,0,0,0,0,1,1,50000,10000,0,0,1,0,170000,7500,1,50000
50000,1,0,20,0,0,0,0,0,0,0,1,0,0,0,0,10000,1,1,1,0,50000,-20833.33333,1,0
40000,1,0,10,1,0,0,0,1,0,1,1,0,0,0,0,10000,1,1,1,1,28500,50000,1,0
50000,1,0,11,1,0,0,0,1,0,1,1,1,0,0,0,10000,1,1,1,1,28500,75000,1,0
50000,0,0,25,0,0,0,0,1,0,1,0,0,1,0,0,0,0,0,0,0,0,18000,0,0
0,1,0,25,0,0,0,0,0,0,0,0,0,1,0,20000,10000,0,0,1,0,0,18181.81818,1,20000
0,1,1,30,1,0,0,0,0,1,0,0,0,1,0,30000,10000,0,0,1,0,0,10683.76068,1,30000
150000,0,0,10,1,0,0,0,0,0,0,0,1,1,1,80000,10000,0,0,1,0,160000,13636.36364,1,80000
25000,0,0,9,1,0,0,0,0,0,0,1,0,0,1,20000,1000,1,1,1,0,19000,5882.352941,1,20000
0,1,0,40,0,0,0,0,0,0,0,1,1,0,0,1.00E+05,7000,1,1,1,0,0,1.00E+05,0,1.00E+05
0,1,0,30,0,0,0,0,0,1,0,0,1,1,1,40000,2000,1,1,1,0,0,82857.14286,0,40000
50000,0,0,30,0,0,0,0,0,1,0,1,1,0,1,30000,2000,1,1,1,0,0,145000,0,30000
2.00E+05,1,0,5,1,0,0,0,1,0,0,1,1,1,0,45000,2000,1,1,1,0,1.00E+05,50000,0,45000
0,1,0,40,0,0,0,0,0,0,0,1,1,0,0,80000,5000,1,1,1,0,0,66666.66667,0,80000
0,1,0,40,0,0,0,0,0,0,0,1,1,0,1,80000,5000,1,1,1,0,0,1.00E+05,0,80000
0,1,0,20,0,0,0,0,0,0,0,1,1,0,0,60000,6000,1,1,1,0,0,136363.6364,0,60000
0,1,0,30,0,0,0,0,0,0,0,0,1,0,1,25000,1000,1,1,1,0,0,-5714.285714,0,25000
0,1,0,32,0,0,0,0,0,1,0,0,1,0,1,35000,2000,1,1,1,0,0,111111.1111,0,35000
0,1,0,0,0,0,0,0,0,0,0,1,0,0,0,75000,2000,1,1,1,0,0,1.00E+05,0,75000
0,1,0,25,0,0,0,0,0,0,1,1,1,0,0,50000,5000,1,1,1,1,0,136363.6364,0,50000
0,1,0,15,0,1,0,0,0,1,0,0,1,0,1,0,2000,1,1,1,0,30000,1.00E+05,0,0
0,1,0,40,0,0,0,0,0,0,0,1,1,0,0,80000,5000,1,1,1,0,25000,1.00E+05,0,80000
0,1,0,40,0,0,1,0,0,0,1,1,1,1,0,45000,2000,1,1,1,0,0,25000,0,45000
0,1,0,15,0,0,0,0,0,0,0,1,0,0,0,45000,1000,1,1,0,0,0,83333.33333,0,45000
0,1,0,15,0,0,0,0,0,0,0,1,0,0,0,35000,2000,1,1,0,0,0,36904.7619,0,35000
0,1,0,10,0,0,0,0,1,0,0,1,1,0,0,40000,8000,1,1,1,0,0,1.00E+05,0,40000
0,1,0,10,0,0,0,0,0,0,0,0,1,1,0,60000,9000,1,1,1,0,0,75000,0,60000
0,1,0,20,0,1,0,0,1,0,1,1,0,0,0,40000,10000,1,1,1,0,75000,70093.45794,0,40000
0,1,0,30,0,0,0,0,1,0,0,1,1,1,0,75000,10000,1,1,1,0,40000,83333.33333,0,75000
0,1,0,20,0,0,0,0,1,0,0,1,1,0,0,50000,1000,1,1,1,0,0,50000,0,50000
1.00E+05,0,0,10,0,0,0,0,1,0,0,1,1,1,0,30000,1000,1,1,1,0,0,50000,0,30000
0,1,0,0,0,0,0,0,1,0,0,1,1,0,0,50000,800,1,1,1,0,0,150000,0,50000
0,1,0,20,0,0,0,0,0,0,0,1,1,0,0,60000,10000,1,1,1,0,0,1.00E+05,0,60000
0,1,0,10,0,0,0,0,1,1,0,1,1,0,0,30000,10000,1,1,1,0,0,1.00E+05,0,30000
0,1,0,20,0,0,0,0,1,0,0,1,1,1,0,60000,7000,1,1,1,0,0,68493.15068,0,60000
0,1,0,10,0,0,0,0,1,0,0,1,1,0,0,40000,10000,1,1,1,0,0,1.00E+05,0,40000
0,1,0,30,0,0,0,0,1,0,0,1,1,1,0,4000,10000,1,1,1,0,0,136363.6364,0,4000
1.00E+05,0,0,40,1,0,0,0,0,0,0,0,0,1,1,60000,15000,0,0,1,0,75000,-40000,1,60000
0,1,0,15,0,0,0,0,0,0,0,0,0,1,0,0,3500,0,0,1,0,0,25000,1,0
0,1,0,20,0,0,0,0,1,0,0,1,1,1,0,40000,1000,1,1,1,0,0,83333.33333,0,40000
0,1,0,20,0,0,0,0,1,0,0,1,1,1,0,40000,1000,1,1,1,0,0,150000,0,40000
0,1,0,5,0,0,0,0,1,0,0,1,1,1,0,40000,1000,1,1,1,0,0,1.00E+05,0,40000
0,1,0,40,0,0,0,0,0,1,0,0,1,0,1,30000,2000,1,1,1,0,0,1.00E+05,0,30000
1.00E+05,1,0,20,0,0,0,0,1,0,0,1,1,1,0,30000,1000,1,1,1,0,25000,1.00E+05,0,30000
0,1,0,10,0,0,0,0,1,0,0,1,1,0,0,40000,8000,1,1,1,0,0,143884.8921,0,
0,1,0,1,0,0,0,0,0,0,0,0,1,1,0,50000,0,1,1,1,0,16000,12500,1,50000
0,1,0,30,0,0,0,0,0,0,0,0,0,1,1,20000,10000,0,0,0,0,0,30000,1,20000
0,1,0,30,1,0,0,0,0,0,0,0,0,0,0,30000,10000,0,0,1,0,0,16666.66667,1,30000
0,1,0,10,0,0,0,0,1,0,0,1,1,0,0,60000,1000,1,1,1,0,0,150000,0,60000
0,1,0,20,0,0,0,0,0,0,0,1,1,1,0,1.00E+05,8000,1,1,1,0,0,75000,0,
0,1,0,15,0,0,0,0,0,0,0,0,1,0,1,55000,10000,1,1,1,0,0,87719.29825,0,55000
0,1,0,20,0,0,0,0,1,1,0,1,1,0,0,60000,10000,1,1,1,0,0,45454.54545,0,60000
0,1,0,10,0,0,0,0,1,0,0,1,1,1,0,40000,10000,1,1,1,0,0,31250,0,40000
0,1,0,15,0,0,0,0,1,0,0,1,1,0,0,1.00E+05,10000,1,1,1,0,0,33333.33333,0,
0,1,0,10,0,0,0,0,1,0,0,1,1,1,0,30000,1000,1,1,1,0,0,150000,0,30000
0,1,0,30,0,1,0,0,0,1,1,0,1,0,1,30000,2000,1,1,1,0,0,99264.70588,0,30000
0,1,0,30,0,0,0,0,0,1,0,0,1,1,1,30000,2000,1,1,1,0,0,1.00E+05,0,30000
0,1,0,15,0,0,0,0,1,0,0,1,1,0,0,40000,10000,1,1,1,0,0,1.00E+05,0,40000
0,1,0,10,0,0,0,0,1,0,0,1,1,1,0,50000,1000,1,1,1,0,0,38834.95146,0,50000
0,1,0,20,0,0,0,0,1,0,0,1,1,1,0,40000,1000,1,1,1,0,0,44052.86344,0,40000
0,1,0,2,1,1,0,0,1,0,0,0,0,0,0,80000,2000,1,1,1,0,0,32154.34084,1,80000
0,1,0,1,0,0,0,0,0,0,0,0,0,0,0,10000,0,1,1,1,0,42870,9500,1,10000
0,1,0,10,0,0,0,0,1,0,0,1,1,1,0,50000,1000,1,1,1,0,0,1.00E+05,0,50000
50000,1,0,20,0,0,0,0,1,0,0,1,1,1,0,30000,1000,1,1,1,0,25000,83333.33333,0,30000
0,1,0,25,0,0,0,0,0,1,0,0,1,0,1,30000,2000,1,1,1,0,30000,83333.33333,0,30000
0,1,0,30,0,0,0,0,0,1,0,0,1,0,1,30000,2000,1,1,1,0,0,1.00E+05,0,30000
0,1,0,30,0,0,0,0,0,1,0,0,1,0,1,30000,2000,1,1,1,0,30000,50000,0,30000
0,1,0,20,0,0,0,0,0,1,0,0,1,0,1,3000,2000,1,1,1,0,0,1.00E+05,0,3000
0,1,0,20,0,0,0,0,1,0,0,1,1,0,0,40000,10000,1,1,1,0,0,92307.69231,0,40000
0,1,0,0,0,0,0,0,1,1,0,0,0,0,0,8000,500,1,1,1,0,21000,18264.84018,1,8000
0,1,0,20,0,0,0,0,1,0,0,1,1,1,0,50000,2000,1,1,1,0,80000,150000,0,50000
0,1,0,20,0,0,0,0,0,1,0,0,1,0,1,30000,2000,1,1,1,0,0,50000,0,30000
0,1,0,40,0,0,0,0,0,1,0,0,1,1,1,20000,2000,1,1,1,0,30000,50000,0,20000
0,1,0,35,0,0,0,0,0,1,0,0,1,0,1,30000,2000,1,1,1,0,30000,50000,0,
0,1,0,30,0,0,0,0,0,1,0,0,1,0,1,40000,2000,1,1,1,0,0,84745.76271,0,40000
2.00E+05,0,0,30,0,0,0,0,1,1,0,0,1,0,1,25000,5000,1,1,1,1,0,20000,0,25000
50000,0,0,30,0,1,0,0,0,1,0,0,1,0,1,30000,3000,1,1,1,0,30000,83333.33333,0,30000
1.00E+05,1,0,1,1,0,0,0,1,0,0,0,0,0,0,30000,2000,1,1,1,0,157500,40000,1,30000
110000,1,0,4,1,0,0,0,1,0,0,0,0,0,0,0,0,1,1,1,0,87500,48449.54128,1,0
0,1,0,20,0,0,0,0,1,1,0,0,1,1,1,30000,12000,1,1,1,1,0,47761.19403,0,30000
1.00E+05,1,0,10,0,0,0,0,1,0,0,1,1,1,0,50000,1000,1,1,1,0,0,45454.54545,0,
0,1,0,20,0,0,0,0,0,0,0,1,1,1,0,45000,3000,1,1,1,0,0,150000,0,45000
0,1,0,30,0,0,0,0,0,0,1,1,1,0,0,80000,3000,1,1,1,0,0,76923.07692,0,
0,1,0,20,0,0,0,0,1,1,0,0,1,1,1,0,0,1,1,1,0,0,86363.63636,0,0
0,1,0,20,0,0,0,0,0,0,0,1,1,0,0,60000,4000,1,1,1,0,0,142857.1429,0,60000
0,1,0,23,0,0,0,0,0,0,1,1,1,0,0,60000,3000,1,1,1,0,0,96774.19355,0,60000
0,1,0,10,0,0,0,0,1,0,0,1,1,0,0,60000,9000,1,1,1,0,0,95238.09524,0,60000
0,1,0,10,0,0,0,0,1,0,0,1,1,1,0,40000,8000,1,1,1,0,0,66666.66667,0,40000
0,1,0,30,0,1,0,0,0,0,0,1,1,1,0,40000,2000,1,1,1,0,0,60000,0,40000
0,1,0,30,0,0,0,0,0,0,0,1,1,0,0,65000,4000,1,1,1,0,0,64516.12903,0,65000
0,1,0,40,0,0,0,0,0,0,1,1,1,0,0,65000,2000,1,1,1,0,0,80645.16129,0,65000
1.00E+05,1,0,20,0,0,0,0,0,0,0,0,1,0,0,40000,5000,1,1,1,0,0,1.00E+05,0,40000
0,1,0,20,0,0,0,0,0,0,0,1,1,0,0,30000,2000,1,1,1,0,0,150000,0,30000
1.00E+05,1,0,30,0,0,0,0,0,0,0,1,1,0,1,60000,5000,1,1,1,0,0,1.00E+05,0,60000
1.00E+05,0,0,32,0,1,0,0,0,1,0,0,1,0,1,40000,2000,1,1,1,0,0,1.00E+05,0,40000
0,1,0,35,0,0,0,0,0,1,0,0,1,0,1,30000,2000,1,1,1,0,0,153846.1538,0,30000
0,1,0,30,0,1,0,0,0,1,0,0,1,0,1,35000,3000,1,1,1,0,0,1.00E+05,0,35000
0,1,0,0,0,1,0,0,0,1,0,0,0,0,1,35000,3000,1,1,1,0,0,32786.88525,0,35000
0,1,0,20,0,0,0,0,0,0,0,1,1,0,0,60000,3000,1,1,1,0,0,150000,0,60000
0,1,0,30,0,1,0,0,0,1,0,0,1,0,1,30000,2000,1,1,1,0,0,90909.09091,0,30000
0,1,0,29,0,0,0,0,0,1,0,0,1,0,1,30000,2000,1,1,1,0,25000,76923.07692,0,30000
0,1,0,30,0,0,0,0,0,1,0,0,1,0,1,30000,2000,1,1,1,0,0,125000,0,30000
0,1,0,30,0,0,0,0,0,1,0,0,1,0,1,20000,2000,1,1,1,0,20000,91666.66667,0,20000
0,1,0,35,0,0,0,0,0,1,0,0,1,1,1,30000,2000,1,1,1,0,0,83333.33333,0,30000